<?xml version="1.0" encoding="UTF-8"?>
<!DOCTYPE hibernate-configuration PUBLIC
        "-//Hibernate/Hibernate Configuration DTD 3.0//EN"
        "http://www.hibernate.org/dtd/hibernate-configuration-3.0.dtd">

<hibernate-configuration>

    <session-factory>

        <!-- Database connection settings -->
  <!--  sqlserver   
        <property name="connection.driver_class"
>com.microsoft.sqlserver.jdbc.SQLServerDriver</property>
        <property name="connection.url"
>jdbc:sqlserver://localhost:49183;DatabaseName=UserManager</property>
<property name="connection.username"
>plus</property>
        <property name="connection.password"
>123456</property>
-->
<property name="connection.driver_class"
>com.mysql.jdbc.Driver</property>
        <property name="connection.url"
>jdbc:mysql://localhost:3306/userdb?serverTimezone=UTC</property>
        <property name="connection.username"
>root</property>
        <property name="connection.password"
>123456</property>

        <!-- JDBC connection pool (use the built-in) -->
 <!--        <property name="connection.pool_size"
>2</property>
-->
        <!-- SQL dialect -->
<!--        <property name="dialect"
>org.hibernate.dialect.SQLServer2012Dialect</property>
-->
<property name="dialect"
>org.hibernate.dialect.MySQL57InnoDBDialect</property>
        <!-- Enable Hibernate's automatic session context management -->
        <property name="current_session_context_class"
>thread</property>

        <!-- Disable the second-level cache  -->
        <property name="cache.provider_class"
>org.hibernate.cache.NoCacheProvider</property>

        <!-- Echo all executed SQL to stdout -->
        <property name="show_sql"
>true</property>

        <!-- Drop and re-create the database schema on startup -->
        <property name="hbm2ddl.auto"
>update</property>
	<property name="hibernate.jdbc.batch_size">50</property>
	
	<!-- 拦截器 
	 <property name="hibernate.ejb.interceptor"
>hibinterceptor.EntityListener</property>
 <property name="hibernate.ejb.interceptor"
>hibinterceptor.EmptyInterceptorImp</property>-->
	<!--
	 <property name="hibernate.cache.use_query_cache">true</property>
	<property name="hibernate.cache.use_second_level_cache">false</property>
	 
	<property name="hibernate.transaction.factory_class"
>org.hibernate.transaction.JTATransactionFactory</property>-->
	<property name="javax.persistence.validation.mode">none</property>
	
      <!--   <mapping class="spit.Spittle"/>
		<mapping class="pageI.PageItem"/>


		<mapping class="spit.Boy"/>
		<mapping class="spit.Girl"/>		
		
		
		<mapping class="spit.MathBook"/>	
		<mapping class="spit.HistoryBook"/>
		
		<mapping class="spit.Tiger"/>	
		<mapping class="spit.Dog"/>
		 -->
		 <mapping class="mobile.model.User"/>	
    </session-factory>

</hibernate-configuration
>